,sentiment,tweet
7.0,0,this is the story of wine in the st quarter of the stc and i imagine beyond old wine is increasingly obsolete a must read httpstcogxmlkswi
38.0,0,the okanagan valley boasting of the provinces vineyard acreage the okanagan valley is bcs premier grapegrowing region read more below wine kelowna okanaganwine realestate buyersagent wineries bc winelover kelownabc homes vineyard httpstcovtpmbula
44.0,0,johnfetterman red wine may help prevent strokes httpstcorgyclfhpkn
108.0,0,wine may not solve your problems but neither will water or milk
130.0,0,a sevenhour flight delay is never fun good to be in my room at abodemurrumbateman and about to hit the sack ahead of tomorrows clonakilla wine festivities httpstcothygwfrp
136.0,0,us to require more rest between shifts for flight attendants httpstcodhdnpxg flightattendant undercoverjetsetter johndaly susananzalone travel food wine mixology golf offbeatenpath jetsetathome shotoniphone recipes travellikealocal
159.0,0,in wine there is wisdom in beer there is strength in water there is bacteria
174.0,0,can anyone help me find more of this wine wineporn wineporn httpstcopgbumepge httpstcolnsesmv
178.0,0,euagri eu wine production is forecast to increase marginally by mainly due to a larger production expected in france eu wine consumption could decrease by while exports are expected to remain stable agrioutlook httpstcosifqxjuat
189.0,0,us to require more rest between shifts for flight attendants httpstcoojfzemnq flightattendant undercoverjetsetter johndaly susananzalone travel food wine mixology golf offbeatenpath jetsetathome shotoniphone recipes travellikealocal
193.0,0,eu wine production is forecast to increase marginally by mainly due to a larger production expected in france eu wine consumption could decrease by while exports are expected to remain stable agrioutlook httpstcortircvcga
209.0,0,us to require more rest between shifts for flight attendants httpstcoubmayqs flightattendant undercoverjetsetter johndaly susananzalone travel food wine mixology golf offbeatenpath jetsetathome shotoniphone recipes travellikealocal
227.0,0,anyone up for a pot of hot chocolate tea or coffee for lunchbreak on this sunny autumn day maybe a bit too early for mulled wine during my lunchbreak but its oclock somewhere and am i the only one who sees a croissant on top watermarkwednesday httpstcogmxlsrp
240.0,0,for filled with that good gift suffering mankind forgets its grief from it comes sleep with it the oblivion of the troubles of the day there is no other medicine for misery httpstcohqcima wine ancientrome history audio podcast
246.0,0,this is just the sort of email needed to provide cheer on another gloomy day in the uk utterly privileged to be able to afford to reserve wines from the thewinesociety in this way wine rhone france frenchwine httpstcobguakhlxr
277.0,0,as the worlds oldest continuously producing wine region one might expect georgia to be more ubiquitousbut theres a reason it still feels unknown underrated wine regions to visit this fall according to the experts httpstcooklphcp
302.0,0,martinslewis cultandboutique and here is myself amp my colleague filmed in june of this year discussing the economic amp political disruption with rising inflation and the recession looming with how wine champagne can protect your money as well as out pace inflation amp possibly aid with the cost of living
372.0,0,httpstcosmqrsaqiz final touch wireless wine thermometer preset win httpstcorxmodla
406.0,0,httpstcockkzcdsuyo traditional stockbond portfolios have suffered horribly this year causing alternative assets to come into focus the established benchmark index for fine wine trade the livex was up yeartodate read more cultwinesuk cultcru
438.0,0,milking his cum into my fun double cum loads swallow bb pov slut drains a cock into her wine glass and drinks it like a good whore httpstcoranlclfv
449.0,0,leftover wine dont pour it down the drain freeze it in a covered ice cube tray instead that way you can use it in soups or stews as needed do you have a favorite cooking hack share it below wine winecorks cooking cookingtip httpstcoqikkzdmyu
459.0,0,had my first onepeloton instructor sighting in the wild today and the whole table was talking about fitness at a wine bar unfair peloton wine corkbuzz
527.0,0,todays wine is a gamay from fleurie aoc in beaujolais e france plum black cherry vanilla on nose more with smooth mild spices light tannins sugars acidity on palate finish is mild plum vanilla dry tannins vins wines winetasting winelover winelovers wine vin httpstcocrnhcr
568.0,0,telegraph borisjohnson want to try doing this think of the money you would save on wine
578.0,0,you need someone who could help to complete your small errands in japan naccarart airport datedmv ethgasprice dotbit wine askkenty india httpstcosgnxsxcuo
626.0,0,calluna has been a longtime dream of winemaker david jeffreys even as he was working for seagram back in new york city for their corporate treasury staff this is his story httpstcoirfnvlp wine sonoma httpstcordalodoc
679.0,0, old blue truck class pm httpstcofdrgzfpnqs via kjdbywine truck oldtruck bluetruck wine sipandpaint paintnight wineandpaint albuquerque newmexico abqevents httpstcomzntzyxw
694.0,0,kate hawkings feels the buzz at the hatch mansfield tasting despite an erratic supply side horrific shipping costs exchange rates and glass shortages there is plenty to be optimistic about in todays market argues hatch httpstcotgfgsja by thebuyer vino wine httpstconhtnwrgv
696.0,0,after a week of being pretty poorly decided to try a small glass of red rhne bliss autumn wine rhne what else httpstcorqggxdvup
706.0,0,donald the doggo loved drinking cab donald was never sad when drinking cab because it was always too salty wine wineaddict dogslife
748.0,0,wine ir function is utterly going the extra mile httpstcobzrackbi im a non avocator fwiwplus im concerned about random capitalisation httpstcocoqlfdsmqh
750.0,0,have kids they said it will be fun they said the two attitudes ive witnessed tonight begs to differ wine
766.0,0,the latest real estate news httpstcoqrcjzxlzn wine newday
780.0,0,more winereviews httpstcojaodmlax wine columns httpstcoujuvxzvr connect with us on facebook amp instagram httpstcomayqqprgv httpstcoghxvtbqpz httpstcouhikfdqvj
789.0,0,the latest the melissa sperling daily httpstcowrwlmkmgp thanks to outloudculture wine migraine
810.0,0,pouyanroohii im in upstate new york usa upstateny in the fingerlakes region how about you newyork fingerlakes upstateny wine food travel
822.0,0,new french village saintemilion france october ref get prints httpstcobjmffbjxze wine apple iphone countryside blackandwhite frenchtouch roof blackandwhitephoto arte homedecor libourne travel rural iphonography artlovers blackwhite apple httpstcomnzxurn
823.0,0,restaurants across florida weather hurricane ian respond with help for neighbors while many restaurants from floridas gulf coast to the carolinas have suffered damage chefs are returning to business and helping in relief efforts httpstcouxxtimpcq vino wine httpstcoxwdwlts
849.0,0,drink wine dissipates sorrow
860.0,0,wines index news is out httpstcokeeeanuf stories via paoloerrico waerator wine nyc
902.0,0,northern italy and the wine region october httpstcootjqfpoo airline explore jonathanvanbilsen lakegarda nago httpstcougnqcxps
925.0,0,do you know where in armenia was the worlds oldest winemaking facility found leave your thoughts in the comments httpstcoqnwippu
927.0,0,it is harvest season already wine lovers dont miss this out imperatorwinery httpstcofgdnief
972.0,0,wine its in my veins and i cant get it out
1007.0,0,unfortunately weve had to move next weeks south america uncovered class by one day itll now take place on wednesday th october between sorry for any inconvenience falmouth cornwall kernow winetasting wine winelover redwine whitewine local httpstcojjtosxndl
1020.0,0,wind down phone case wine winelover apple iphone tuesdayvibe tacotuesday httpstcomsyqxvkv
1024.0,0,todays weather in the niagara wine country high c low c currently it is c and partly cloudy hows the weather in your area
1044.0,0,my go to wine in this heat siwelawines wine winelovers cheninblanc whitewine summer httpstcownqsjdvji
1120.0,0,china has produced mln hls of wine in the first half of down httpstcomstlyoug
1128.0,0,a caribbean food tour by the bottle alcohol beverage drink plant tree wine water palmtree arecaceae summer boat transportation vehicle mexico islamujeres cancun hotel restaurant vacations rivieramaya httpstcofqptsuuwo
1192.0,0,tasting nv kirkland signature porto year old tawny wine httpstcoypvjkf
1219.0,0,lovelyxiaona objpam its time for your red wine to be extracted httpstcotzihjkkln
1246.0,0,its heating up ronocole onlyfans life fall atl selfie body goals blackbeard beardgang shred ronocole roncole weight fitness exercise beastmode muscle diet pecs beard abs chest caribbean wine gym newyear monday httpstcocqgpkhrgr
1249.0,0,someone wanna buy me a bottle of wine after this long monday longday wine follow selfcare girly foryoupage onlyfans foryoupage support monday feet foot feetfethish footfettish httpstcowvfxwdozh
1252.0,0,leftover wine dont pour it down the drain freeze it in a covered ice cube tray instead that way you can use it in soups or stews as needed do you have a favorite cooking hack share it below wine winecorks cooking cookingtip kitchenhack httpstcoxrkvpvn
1269.0,0,i search without a trace for my final resting place having worn out my welcome in hell rags suit my bones and bodice so well sadly the wine i cant taste flowers i cant smell off to the ossuary farewell farewell poetry
1271.0,0,what happened to the original plot of the story wine httpstcojdglgyfwq
1274.0,0,leftover wine dont pour it down the drain freeze it in a covered ice cube tray instead that way you can use it in soups or stews as needed do you have a favorite cooking hack share it below wine winecorks cooking cookingtip kitchenhack httpstcokojnmjsfp
1317.0,0,milking his cum into my fun double cum loads swallow bb pov slut drains a cock into her wine glass and drinks it like a good whore httpstcobvtqfdjb
1319.0,0,optio vineyards inmesceo paso robles california wine wineporn wineporn httpstcolwjanpziac httpstcotfktxurro
1359.0,0,i am having a lot of fun ronocole onlyfans life fall atl selfie body goals beardgang shred ronocole roncole weight fitness exercise beastmode muscle diet pecs beard abs chest caribbean wine gym newyear monday httpstcovktmdwqzmn
1361.0,0,update aggressive campaign major electronic dealers wine shops pharmacies etc pi is now in the hands of many marchants in the city waiting for open mainnet in river state nigeria pinetworkupdates pinetwork pioneers pichainmall crypto cryptonews pistanford httpstcokckihnfog
1364.0,0,the politics of the three tier system of alcohol distribution this is part of a ten part series in which we investigate the power and money behind alcohol politics httpstcopopskrka wine beer liquor politics money regulation substack lobbying httpstcoyddaaaxnc
1386.0,0,took a flyer on this pontetcanet very approachable and a beautiful finish for something outside of its drinking window wine frenchwine winelover httpstcoxprtxajuap
1427.0,0,sold and headed to ithaca ny thanks for the sale etsy missouri is quickly becoming known as wine country missouriwine wine augusta augustawine winecuntry infraredphotography vinyard httpstcoopfhazoro via etsy
1461.0,0,ready to wined down iphone wine winelover dreamfacereveal houseofthedragonhbo phonecase winetasting mondaymotivation httpstcomsyqxvkv
1486.0,0,update aggressive campaign major electronic dealers wine shops pharmacies etc pi is now in the hands of many marchants in the city waiting for open mainnet in river state nigeria pinetworkupdates pinetwork pioneers pichainmall crypto cryptonews httpstcoxncxxe
1516.0,0,drinking henry of pelham speck bros sibling rivalry wine httpstcovinapd
1521.0,0,if you wish to keep your affairs secret drink no wine
1528.0,0,here are some french wines and ciders frenchwine france wine httpstcopnchajgel
1536.0,0,wine on monday design rendering nftarts wine dart httpstcoeixgturb
1548.0,0,milking his cum into my fun double cum loads swallow bb pov slut drains a cock into her wine glass and drinks it like a good whore httpstcoyytaup
1551.0,0,why do i feel like ive abused my wine bottle opener wine dislocatedshoulder httpstcowocixcvxj
1606.0,0,this is an interesting stat anyone know the answer for spain wine httpstcordyjhjs
1624.0,0,pumpovers from above this is what it looks like when the juice from the tank is pumped over the top using enological pumps the cap forms a thick top layer that requires strength and a decent jet to penetrate and submerge pumpover cellar wine winemaking bolgheri httpstcoshszigtxpg
1625.0,0,was anyone else prepared hurricaneian fall wine hurricaneseason httpstcofhcutmduc
1641.0,0,the latest the melissa sperling daily httpstcowjkcxv thanks to buzzfeed buzzfeednews migraine wine
1643.0,0,what i brought home from france wine wineporn wineporn httpstcoqsmrwfaqi httpstcohhgnfn
1654.0,0,leftover wine dont pour it down the drain freeze it in a covered ice cube tray instead that way you can use it in soups or stews as needed do you have a favorite cooking hack share it below wine winecorks cooking cookingtip httpstcoqktlmvphl
1663.0,0,harvesting to the beat of the bells at the abbey of saintemadeleine du barroux httpstcohkkpdpagu tabbednews news newstoday breaking breakingnews today story france foodculture wine httpstcodptbtug
1667.0,0,leftover wine dont pour it down the drain freeze it in a covered ice cube tray instead that way you can use it in soups or stews as needed do you have a favorite cooking hack share it below wine winecorks cooking cookingtip kitchenhack httpstcoybdkgwud
1672.0,0,wine consumer trends millennials rising consumer tre httpstcobhvnnphml wine httpstcospcpvvoc
1733.0,0,update aggressive campaign major electronic dealers wine shops pharmacies etc pi is now in the hands of many marchants in the city waiting for open mainnet in river state nigeria pinetworkupdates pinetwork pioneers pichainmall crypto cryptonews httpstconmdxxovnk
1744.0,0,winter is coming wine httpstcomagrcsktn
1749.0,0,ready to ship client bought my wineart wine country find this art in many sizes httpstcolcbdyy winetasting wineartist winecountry httpstcoslhdmqzxc
1801.0,0,get in the halloween spirit and have six creepy wines delivered to your door without any delivery fees to learn more and to order go here httpstcomflalbanwy wine winetasting winelover halloween happyhalloween gottagotolukes httpstcofiqbtriv
1867.0,0, how to install wine on opensuse leap sysnettech solutions watch video httpstcojlemdsb system networking it technology computer pc laptop software program opensuse leap opensuseleap linux wine winehq winetricks
1881.0,0,join the boozcoin crypto for alcohol wine industry on reddit reddit httpstcoynagnllua reddit community httpstcouptfibusq boozcoin boozecoin boozexchange mrbooz httpstcosqqmlatlj
1895.0,0,milking his cum into my fun double cum loads swallow bb pov slut drains a cock into her wine glass and drinks it like a good whore httpstcoyfaawh
1960.0,0,some days are just more of a bummer than others and it looks like even this classic pulltex corkscrew isnt what it used to be wine corkscrew fail httpstcofxhguhzcl
2023.0,0,shopping with demonstrations amp strikes happening almost daily about one issue or another france can feel a bit like this wine brand seen in carrefourfrance carcassonne httpstcoqggghzox httpstcohuvfsxed
2068.0,0,got these about or years ago found them in the back of one of my closets while moving are they safe to drink never opened until a few mins ago wine wineporn wineporn httpstcomcfrhoqx httpstcocuzrbagsq
2098.0,0,omg my first tweet watch out world the poop queen taking over the worldwine winemom dreamfacereveal kimkardashian
2100.0,0,milking his cum into my fun double cum loads swallow bb pov slut drains a cock into her wine glass and drinks it like a good whore httpstcouuzawrlqv
2108.0,0,does anybody sell wine grapes anymore birds got to my shit again and i dont wanna go another winter without wine wine winemaker cabernetsauvignon winegrapes httpstconuumfoib
2123.0,0,arling blaze wines hope dies last napa valley california wine wineporn wineporn httpstcoyivrjfkdc httpstcosqyenso
2126.0,0,the prosecco going to my head o o o nuns lesbian sapphic willpower wine meow httpstcofwsjhhfj
2230.0,0,leftover wine dont pour it down the drain freeze it in a covered ice cube tray instead that way you can use it in soups or stews as needed do you have a favorite cooking hack share it below wine winecorks cooking cookingtip kitchenhack httpstcokavjzj
2231.0,0,leftover wine dont pour it down the drain freeze it in a covered ice cube tray instead that way you can use it in soups or stews as needed do you have a favorite cooking hack share it below wine winecorks cooking cookingtip kitchenhack httpstcoiltzxpjp
2256.0,0,a caribbean food tour food plant bottle alcohol beverage drink tree wine water palmtree arecaceae summer boat transportation vehicle mexico islamujeres cancun hotel restaurant vacations rivieramaya httpstcojnmfdmmpyk
2300.0,0,pour yourself a glass of pridewines sit back and watch the sun set over the distant horizon need to stock up head over to their website to explore all of their available wines and vintages httpstcotxjxnbhb wine napa sthelena sundaysunsets napawine travel httpstcoaghyznpgu
2326.0,0,what a husband and father does when given a sunday to himself wine wineporn wineporn httpstcooebdgmh httpstcochnlbjxg
2355.0,0,let me make you a drink onlyfans ronocole life fall atl selfie body goals blackbeard beardgang shred ronocole roncole weight fitness exercise beastmode muscle diet pecs beard abs chest caribbean wine gym newyear sunday sundayfunday httpstcooatqfewmcp
2359.0,0, problems with standard wine httpstconxyxsf aboutwine debunked
2386.0,0,milking his cum into my fun double cum loads swallow bb pov slut drains a cock into her wine glass and drinks it like a good whore httpstcooiwzmrilj
2427.0,0,milking his cum into my fun double cum loads swallow bb pov slut drains a cock into her wine glass and drinks it like a good whore httpstcogwpuahmww
2455.0,0,the latest the melissa sperling daily httpstcohedyxinyt thanks to drewmikepodcast buzzfeed buzzfeednews migraine wine
2468.0,0,milking his cum into my fun double cum loads swallow bb pov slut drains a cock into her wine glass and drinks it like a good whore httpstcoakkdiywe
2490.0,0,more winereviews httpstcojaodmlax wine columns httpstcoujuvxzvr connect with us on facebook amp instagram httpstcomayqqprgv httpstcoghxvtbqpz
2500.0,0,anybody got a key break in case of sunday sundayfunday weekend weekendvibes wine httpstcotvrgpmrh
2614.0,0,in wine there is wisdom in beer there is freedom in water there is bacteria benjaminfranklin thinkingoutloud sundaymotivation quickquotes thinkbigsundaywithmarsha wine wisdom beer freedom water bacteria httpstcofmtywrwonz
2629.0,0,this weekend we celebrate translators without them the world would be a poorer place translators help open up new markets for wine translators help us get access to the finer things in life httpstcoyphtvlhde proudtobeatranslator xl httpstcorzzsxutkr
2667.0,0,this sedumburrito plant growing in upcycled wine bottles by marazalhandcraft was sold to support funding treatments for kids with cancer calltoearth trashtohope greenfactorlebanon beirut lebanon httpstcobnrlplomlp
2689.0,0,bit slow this morning simononair vradiosussex mysteryat must be last nights wine slowing me down cracking selection of songs this morning on the mysteryat properlocalradio thespiritofthesouth
2731.0,0,tootsie the doggo loved drinking cab tootsie was never tired when drinking cab because it was always too fishy wine wineaddict dogslife
2749.0,0,if your wine shops to you like this its cooked sincerely ups driver in the f truck for the third day trying to get your signature shame on you wine shippers wineporn wineporn httpstcoesalfxk httpstcotsindvutw
2788.0,0,come find out exclusive invite only discord spots open to the first discord link httpstcozyojhbhg nft nfts nftbusiness business beer wine httpstcosqrzzcyj
2805.0,0,wine will be the death of me httpstcousjlbvaz
2807.0,0,if dominion sues jeaninepirro and it bankrupts her it may have unintended consequences that wine industry sales it may never recover from httpstcozrldhfe
2822.0,0,leftover wine dont pour it down the drain freeze it in a covered ice cube tray instead that way you can use it in soups or stews as needed do you have a favorite cooking hack share it below wine winecorks cooking cookingtip kitchenhack schy httpstcodntqdwxui
2823.0,0,leftover wine dont pour it down the drain freeze it in a covered ice cube tray instead that way you can use it in soups or stews as needed do you have a favorite cooking hack share it below wine winecorks cooking cookingtip kitchenhack schy httpstcoyvorwkdz
2831.0,0,cant wait for you to walk in the door meetings your wine has been poured wine saturdayvibes httpstcorizpnuhu
2862.0,0,this wine deserves something more than just a picture of an empty bottle but now its just a memory from last nighta glorious memory wine httpstcofbedqrwxn
2933.0,0,im looking into buying a few birth year wines for my first child i know the best wines from this year wont be available for a bit yet anyone have any suggestions for what to buy ive heard port is the way to go wine
2934.0,0,httpstcosmqrsaqiz final touch wireless wine thermometer preset win httpstcothpezkdmxy
2935.0,0, botrytis this is a fungus also known as mould that destroys fruit and horticultural crops but sometimes it is sought instead to encourage the appearance of botrytis the rest in the comments wine sciart beinktober inktober scientificdrawing learnscience httpstcopzzib
2940.0,0,what a week ready for a flight every saturday they are off goatssc ptsoasis fivepointssc drinkpoints eatpoints drinkthejuice wine datenight girlsnightout saturdayvibes httpstconmosfsq
2947.0,0,happening now at cafeinanda wine amp soul curated by onealafrica accessfilms onset accessfilmsphoto cafe inanda httpstcosrxotbhz
2966.0,0,im just going to say it spending the entire one day a week you have off studying wine suuucks what yall up to today wine winestudy diploma wset winetheory
2984.0,0,how to open a wax capped wine bottle video demo from mtboucheriewine winebcdotcom bcwine restaurants httpstcotxqxpr httpstcozviqsms
2998.0,0,had to move my refrigerator today to make room for a nursery in my apartment took the wine out first wineporn wineporn httpstcoiwnrjgukk httpstcowcwoszzlql
3012.0,0,mixed case of european wine england france italy portugal amp spain party buy online httpstcoddmophk httpstcothzvjzc
3094.0,0,ugh a disk failed on my plex server and my wine fridge is on the fritz there go my plans for generalconference weekend
3095.0,0,is natural wine actually better for you the new york times fewer headaches less severe hangovers better gut health how do these health claims stack up against the science wine httpstconaeuudxgb
3105.0,0,like wine he ages only in taste a wisdom of bottled secrets and desires that ache to satiate sensualscribbles wine httpstcobwtxnsgkq
3108.0,0,more winereviews httpstcojaodmlax wine columns httpstcoujuvxzvr connect with us on facebook amp instagram httpstcomayqqprgv httpstcoghxvtbqpz
3124.0,0,do not miss this tasting over wines sherries and ports tapas and thecourtyarddairy cheese all guilt free in the aid of charity and only tickets in shop or online here httpstcoovbbllm ilkleybid discoverilkleyls ilkleychat ilkley shoplocal wine httpstcoaqjbtrfbdh
3131.0,0,the latest the melissa sperling daily httpstconkrtsznlw thanks to buzzfeednews shinedown heartbobh migraine wine
3141.0,0,cooking with wine on a rainy day i guess pouring myself some was inevitable httpstcokujwcohhp
3163.0,0,leftover wine dont pour it down the drain freeze it in a covered ice cube tray instead that way you can use it in soups or stews as needed do you have a favorite cooking hack share it below wine winecorks cooking cookingtip kitchenhack httpstcobbzvoxrlx
3259.0,0,anyone able to tell me how old this bottle of port is i cant find this bottle anywhere online and my pop has had it in his cupboard for god knows how long wine wineporn wineporn httpstconqdjdsbo httpstcovlxnlqgynx
3262.0,0,still facinated by the experience of champagne for zerogravity wine winelovers httpstcorhionebts
3270.0,0,interesting article by sustainablekw warmer growing seasons lead some winemakers to switch away from oak and the switch avoids the cost of replacing oak barrels wine winelovers httpstconovyhcuobs
3286.0,0,nelsoncryptoman both grape amp wine undervalued right now double rockets no trouble great discord dev team building and bringing stability grapefinance avalanche
3292.0,0,its my first allergy wine
3320.0,0,there are many great wine cooperatives found throughout italy and cantina di soave hosts over a centuries worth of history in winemaking in the veneto region httpstcolgmijlnz italianfwt italianwine valpolicella wine
3325.0,0,todays weather in the niagara wine country high c low c currently it is c and partly cloudy hows the weather in your area
3326.0,0,drank far too much red wine last night cant remember what happened still feeling it redwine redwinebottles bottleofred winebottles wine bottles alcohol
3340.0,0,fraud is the master of disguise it knows no limit and can strike from any direction when you least expect it and you wont suspect a thingwine fraud is no exception find out how bruker is helping the industry to fight the fraudsters httpstcogpazkgsj csr
3389.0,0,red wine headaches the cause solution prevention and cure httpstcogluubjl aboutwine
3411.0,0,purchased joh jos prm wehlener sonnenuhr riesling auslese yumyumyumyumyum this should be a great nervy edgy auslese thatll last forever wine httpstcowhhglfdsr
3427.0,0,got allocation on these worth it or no wine wineporn wineporn httpstcosymzpym httpstcowytdxwal
3433.0,0,scooter the doggo loved drinking riesling scooter was never wasted when drinking riesling because it was always too intoxicating wine wineaddict dogslife
3435.0,0,find out the best wine events with diwinetaste mobile for ios httpstcoyqcstuhi
3463.0,0,i used to get scared when the bitches screamed in horror i got scared and the voices started laughing the bitches men too said they were kidding whisky wine beer vodka tequila now when they scream in horrori hope they are killing the bitches screaming in my head
3464.0,0,get a taste of california wine country mystery wildfire by scott bury gets reviews get it on barnes amp noble httpstcohjldfn bestsellingreads httpstcofcpwhcscr
3467.0,0,r dcpdwarka dtptraffic the road in front of pankaj plaza opposite salaria officers enclave in dwarka sector is jammed daily due to double parked vehicles of people buying liquor from wine shop occupying of the road please intervene amp take action dwarka traffic parkings wine liquor
3468.0,0,pandatvinayak dtptraffic the road in front of pankaj plaza opposite salaria officers enclave in dwarka sector is jammed daily due to double parked vehicles of people buying liquor from wine shop occupying of the road please intervene amp take action dwarka traffic parkings wine liquor
3471.0,0,current situation wine oregon vacation httpstcolzmjlpoqlq
3553.0,0,last day of harvest last day of fall allocations amp a freaking no show delivery by our warehouse tonight one of us drives c to sanfrancisco from healdsburg while all hands on the sorting table is still happening at the winery fun times winetwitter wine smithstorywines
3565.0,0,unknownworlds subnautica steam unitygames considering the wine debug spatted out wine unhandled illegal instruction at address a thread starting debugger im convinced the version also doesnt run well on windows
3566.0,0,wined and fined ofsi imposes financial penalty on uk company for publicising sanctioned crimean winery crimea uk wine gtlaw httpstcongvewqyif httpstcophdyuwkqq
3627.0,0,a caribbean food food bbq bottle alcohol beverage drink plant tree wine water palmtree arecaceae summer boat transportation vehicle mexico islamujeres cancun hotel restaurant vacations rivieramaya httpstcofgacdfdhz
3630.0,0,our latest mailout including offers and this weekends free instore wine sampling httpstcopaczabpg
3651.0,0,wed gladly do a taste test of every single wine on this list of wines to drink in spain we dont even have to go back over to spain to do it but that might help really set the mood httpstcocbiqljogyf
3662.0,0,attorneysomm im done with corked wines pay good money for a bottle only to dump it down the drain there is a solution to this wine
3674.0,0, i did break my overlay but weekend chill with wine is here anyway httpstcodqmiomfr fortnite overlay sadness sad fixit chill weekendvibe wine tired gamergirl girlgamer twitch streamer streamergirl twitchgirl gamenight havingfun pop
3679.0,0,might need more than an umbrella and ros for this one huricaneian hurricane wine httpstcotqnhqvfq
3688.0,0,everyone so desperate to buy marquesderiscal wine that they have to have a security tag marquesderiscal httpstcohuanvr
3704.0,0,drinking prisoner wine company thorn wine httpstcoxcqctcjyj
3731.0,0,were having a great big friggin sale check out our fb page to learn about our frig off fiona sale where well be donating of every case sold to the red cross to aid their hurricanefiona relief efforts hurry in while stocks last jostvineyards wine httpstcocqyf
3733.0,0,no offense is back and better than ever nooffense omaha dundee scottsdale wine httpstcotnjqizb
3759.0,0,when you are pretending to work hard or quitequiting lucky rock is the way to go you can tell because this can is placed on an old piece of equipment that someone probably worked hard on or pretended to wine sarcasm bluecollar workingperson httpstconwukvnyupc
3775.0,0,wine machine a wine machine is the only thing you need the taste makes you fall in love all the time xtz editions httpstcottlfuhas httpstcosmbwjwhgx burn on oct pixelart wine objkt tezos cleannft tezosart henreunion idnft httpstcoqpuodaomr
3790.0,0,more winereviews httpstcojaodmlax wine columns httpstcoujuvxzvr connect with us on facebook amp instagram httpstcomayqqprgv httpstcoghxvtbqpz httpstcovozweazjkk
3801.0,0,friday fridaynight fridayvibes wine redwine music verdena raining rainingart rain fridayrain abstractart acrylicpainting brush canvaspainting bristol united kingdom httpstcoayuieutc
3808.0,0,spagbol wine the remainder of the french stuff we brought home last night and a bottle of italian has just been cracked fridaylaw httpstcopibdwujq
3828.0,0,get them before theyre gone visitors can receive free tickets to one of the biggest gatherings of importers distributors retailers and suppliers of wine beer and spirits get your passes by clicking the link below httpstcoqhaipwd httpstcobanohete
3835.0,0,how to open a wax capped wine bottle video demo from mtboucheriewine winebcdotcom somm bcwine restaurants httpstcotxqxpr httpstcoywijrdcjbm
3876.0,0,help florida after ian visit delray beach here are reasons to stay at the seagate httpstcockivycrzjb seagate delraybeach travel food wine mixology golf undercoverjetsetter johndaly susananzalone travellikealocal shotoniphone recipes offbeatenpath httpstcoqfwiegz
3884.0,0,wined and fined ofsi imposes financial penalty on uk company for publicising sanctioned crimean winery wine alcohollaw unitedkingdom wineenthusiast httpstcongvewqyif
3896.0,0,the latest the melissa sperling daily httpstconnvokwoqu thanks to buzzfeednews migraine wine
3931.0,0,tourists keep coming to sonoma county wineries even as tasting fees increase httpstcoeeiofmyzb via northbaynews sonomavintners califwinesus california wine httpstcouvpqudcoqu
3939.0,0,the vineyards of sonoma never fail to dissapoint gehrickewines sonoma california wine vineyards httpstcoamysswhs
3985.0,0,theres no such thing as lowintervention wine duckhorns stock hits week low calif gov vetoes bill to prohibit foreign governments from buying ca ag land cabernet grapes can survive climate change amp more wine news wine news fetch httpstcozcznujtwz
4097.0,0,has anyone got a virgin wine voucher they arent going to use please alcohol drink coupon code
4106.0,0,started making my own wine during lockdown and now i cant seem to stop heres the first winter batch wine winelover wineoclock httpstcoidxhtci
4121.0,0,france my idea is to do everything as high quality as i can says provence vintner tom bove without being stupid winespectators robertcamuto visits the latest wine project from the man who restored ros star chteau miraval httpstcocmcfwtujwm
4145.0,0,thats right we now offer free uk mainland delivery for orders over meaning you can stock up for less winedelivery wine ukwine orderwine httpstcogzdlwxive
4166.0,0,its all about the wine wine winelover wall cottage yorkshire house home httpstcoxoazztmjlg
4186.0,0,this plant was sold to support kids fighting cancer this is how we do it as simple as that trashtohope wine beirut lebanon httpstcotzwmmaoiv
4197.0,0,there are a few joys in the changing seasonplaying in fallen leaves is one we love nothing more then opening a juicy red with plenty of juicy offers available toonpop down and bag a few keepwarm winter warmer wine sheffield httpstcopcjanga
4216.0,0,httpstcosmqrsaqiz final touch wireless wine thermometer preset win httpstcoarvydoosy
4219.0,0,didnt even realize they were public duckhorn napa hits week low winemakers stock isnt aging well wine nappa httpstcodbsauimbh via barronsonline
4245.0,0,a caribbean food food bbq bottle alcohol beverage drink plant tree wine water palmtree arecaceae summer boat transportation vehicle mexico islamujeres cancun hotel restaurant vacations rivieramaya httpstcofgacdfdhz
4281.0,0,donald the doggo loved drinking cab donald was never upset when drinking cab because it was always too tasty wine wineaddict dogslife
4314.0,0,i heard crimes snoop dogg wine is a thing here wineporn wineporn httpstcoxeshtqcds httpstcojkhtrgx
4319.0,0,today is taormina lava river and wine tasting im not going to say i feel seen today it does feel like im being watched will i feel like the mandalorian because of the lava river cruise regent sevenseasvoyager mediterranean httpstcohufbctj
4324.0,0,west seattle tasting room open hours wedfri sat sun winery westseattle wine seattle winetasting httpstcovfzlmhmj
4384.0,0,ningxia penfolds penfolds launching grown and made in china red wine to avoid the crippling import duties china has imposed on australian wines httpstcokylzzcjl wine
4393.0,0,look i know i need to clean out the fridge but this is ridiculous champagne brut vintagewine estatesale wine httpstcoccicmyplbw
4404.0,0,so whats your decision wine winelover lloydminster alberta httpstcooeslmroqc
4421.0,0,worried about rising costs come craft with us and save money enjoying what you love learnnewskillsbrewtimelegacytraditionhamontlcbohomebrewingbeerdiyrewardingcraftbeerwinewinemakingcidermeadseltzerhardseltzersavemoneyrisingcost httpstcoxkufssib
4441.0,0,a passenger train and a freight train leave two cities that are miles apart traveling towards each other the passenger train is traveling mph faster than the freight train find the speed of each train if they pass each other after hours whisky wine beer tequila httpstcordxarjhq
4447.0,0,icymi on the nittanyepicurean the the mariner from drycreekvnyd wine sonoma sonomachat drycreekvalley httpstcoaspgjuvgk httpstcojavclds
4464.0,0,i cant stand when they put holiday stuff out way before the holidays well most of the time adventcalendar beer wine merrychristmas costco nevertoosoonforthese httpstcoutpwicptqt
4469.0,0,winemakers in southern france are taking emergency measures to survive in a region that is home to some of the worlds finest wines and sharpest temperature increases httpstcojhkngnguhu via wsj wine winelovers climatechange winemakers
4470.0,0,wine gt in sf a sudden flood of sake on tasting menus eatersf httpstcotqtghele httpstcozaxctsiq
4472.0,0,facing survivors guilt as hurricane ian strands me in sf httpstcopsajtlfs winelovers wine foodie httpstcosplvqqylc
4517.0,0,working on my homework the assignment is to find the right equation and solve it if i get it right it will be the image of a german shepard looks like i am doing okay so far i wish i knew how to share it so you can do it too mathandanimation whisky wine beer tequila a httpstcoqwiwqig
4520.0,0,alcohol an illiquid liquid darien murray provides a write up on how a wine collection can be sold with given ontarios fairly strict laws surrounding the sale of alcohol read the full blog at the link below httpstcoyjvsaspujv hullonestates wine winecollection
4525.0,0,how to open a wax capped wine bottle video demo from mtboucheriewine winebcdotcom somm bcwine httpstcospcihds
4526.0,0,my adrenaline is gone the stress is relenting i am exhausted its not soberoctober yet hurricaneian tampa florida wine httpstcowodkyvpmj
4529.0,0,all set for tomorrow wine twitch fridaynight httpstcotyiismurz
4539.0,0, light show classpm httpstcoxkodkniuje via kjdbywine lightning paintnight datenight thirstythursday foodtruck wine abq losranchos newmexico local httpstcoepmhdpful
4547.0,0, thirsty thursday pottery night pm to reserve httpstcojuofaun via kjdbywine thirstythursday pottery ceramics foodtruck wine art losranchos abq newmexico httpstcokpelpwjs
4574.0,0,read why wine labels on italianwines are important to check out before buying them in tastingtable httpstcohcxwkfmd winelovers winelabel classification quality vdt doc docg igt standards
4578.0,0,get in the halloween spirit and have six creepy wines delivered to your door without any delivery fees to learn more and to order go here httpstcomflalbblm wine winetasting winelover halloween happyhalloween gottagotolukes httpstcomwjggjst
4582.0,0,do you have bees in a vineyard or near what cover crops do you often see or companion plants that attract predators do you see or suffer with pesticides and anti fungal chemicals beekeepershour beekeeping bees grapes wine httpstcoxrcctswps
4603.0,0,transitional wines from summer to fall httpstcotnqzyfmvv wine httpstcohdqgalqjvo
4611.0,0,california wine grape growers on the north coast are harvesting grapes about two weeks early this fall as drought earlyseason frost and lateseason extreme heat caused the grapes to be ready early and begin raisining droughtcenter httpstcowyyxmxusn
4616.0,0,a caribbean food plant meal food bottle alcohol beverage drink tree wine water palmtree arecaceae summer boat transportation vehicle mexico islamujeres cancun hotel restaurant vacations rivieramaya httpstcobvzwrgb
4623.0,0,what is happening twitter asks well were quite busy dealing with the inspection at the moment inspection of the wineverse of course httpstcofkkmlmeum metaverse metaversenews metaverseprojects wine winelover metaversenft httpstcocengbiuji
4627.0,0,so youre ok drinking glasses of wine per night amp vaping daily but you are not going to get vaccinated against covid cause you know the vaccine is toxic amp dangerous to your health
4633.0,0,alcohol producers are understandably nervous about a potential economic downturn explore the state of the economy right now and the potential effects of a recession for business owners in the alcohol industry httpstcohnpuxbasd craftbeer wine economy recession
4672.0,0,each wine has its glass do you know the right one play enoglass on diwinetaste mobile for ios httpstcoyqcstuhi
4678.0,0,strong northwesterly winds bring with them a bit of onoff cloud cover and a freshness to the air temperature still no rain and if it doesnt do something soon ill have to irrigate the vines again the day spent recovering the electric fence syrah wine vi vino httpstcowhpudiujdr
4719.0,0,in wine there is wisdom in beer there is freedom in water there is bacteria
4726.0,0,a caribbean cocktail beverage alcohol drink juice plant summer bottle tree wine water palmtree arecaceae boat transportation vehicle mexico islamujeres cancun hotel restaurant vacations rivieramaya httpstcotlfamslrvf
4742.0,0,the latest the melissa sperling daily httpstcowaxbaiywii thanks to buzzfeed migraine wine
4744.0,0,more winereviews httpstcoujicauwrp wine columns httpstcowyhxrnuowm connect with us on facebook amp instagram httpstcoaduvizb httpstcokynvvjn httpstcornpsyxe
4768.0,0,wine it isnt good to keep it bottled up so pour some today
4770.0,0,nine years tonight was the finale of breaking bad i came up with this then fans of the show are sad its no longer sadder still is that drinking bad seems more popular than ever wine drinkbetter breakingbad httpstcowhidnkuo
4828.0,0,thirstythursday cheers to fall and fire pits httpstcowyyznfrb addicted love redvanillahome fall september fallisintheair autumn wine winenot winelove loveyourhome kitchenlove rablescape tabledecor table kitchen home yourstyle homestyle dinnerware httpstcogqhtuijut
4830.0,0,every box of raisins is a tragic tale of grapes that could have been wine
4852.0,0,this pumps s unique makes it ideal for handling delicate liquids the mls series lobe pumps low shear and dualdirection impeller make it ideal for liquids containing soft solids pastes or slurries httpstcoedwpaai foodindustry craftbeer winemaking wine httpstcouugwmjveh
4872.0,0,leftover wine dont pour it down the drain freeze it in a covered ice cube tray instead that way you can use it in soups or stews as needed do you have a favorite cooking hack share it below wine winecorks cooking cookingtip kitchenhack httpstcomfmbtilsy
4896.0,0,its an abuse the consumer mindset wine and winetasting prices are ridiculously high im buying much much less and will continue to until it comes down prices wineprices duckhornwine wineindustry
4910.0,0,some pictures of the wine i found in the storage unit i bought i would have thrown it all away if not for the community wineporn wineporn httpstcodloqmigyi httpstcomwanisaz
4913.0,0,empty wine and liquor bottles will be worth cents each in california under new recycling law httpstcofsejiaxbk wine liquor deposit california vastuullisuus
4936.0,0,and why not wine bodegas cvne in haro la rioja httpstcovqisjqy httpstcovwexsypye
4957.0,0,maze wine httpstcolforafsh pixel art by dotown pictomaze pixelart maze wine httpstconlssevx
4969.0,0,sula vineyards indias biggest wine maker revenue streams fy fy fy own brands imports wine tourism stocks sulavineyard wine stockmarket ipo
4990.0,0,this is what was happening in the winery at the time mulberry and strawberry wine being started so manager lmveluwa would only admit one technician through the rear door and communication through window he guards our hard earned msiso fiercely httpstcoygawxpqe
4997.0,0,empty wine and liquor bottles will be worth cents each in california under new recycling law httpstcofsejiiwjm wine liquor deposit california vastuullisuus
5000.0,0,friday tasting room barn open wifi avail and then we have some private events this weekend come stock up friday for rainy weekend visitloudoun loveloudoun loudouvafarms leesburgva frederick washingtondc nova winery vineyard wine tgif httpstcoqzpixues
5002.0,0,bought a storage unit full of vintagenew wines are they worthless more in comments wine wineporn wineporn httpstcoeztlopkgf httpstcowrwusvermc
5017.0,0,horrorprompt eroticismfan poetrycommunity cock teaser words spoken by her members no stop please stop the strongman withdraws sips his spanish wine eu baby come closer let me touch it with my finger europa come on please no neo nu rasputin i pray for you europa you know
5024.0,0,poetrycommunity sensualscribbles horrorprompt soon europas throat dry and cracked she winced in pain she needs a drink of radioactive spanish wine served in a valencia goblet now the muslims are fleeing her russias hand is cold her fingertips poorly trained youths horny
5096.0,0,wine of the day gemella cantine del notaio httpstconelcujnz
5098.0,0,water in a wine bottle and grey car on an overcast afternoon makes another mostly monochrome photooftheday iphoneonly httpstcowycfenhl httpstcokudovylh
5137.0,0,awc stop when in rome deviationrdwine weeds wine bayervegmgtau httpstcoxnxbjcwtl
5143.0,0,morning tip gap downs on the st day of the falling knife notice that quite a few of these gap downs snap back to the ema that is a tradeable pattern so you have the ema as your bottom reversal target examples inl wine others even boo closed at the ema httpstcotpjwqcz
5189.0,0,she said the wine was fine dancing naked as divinity showing all whom saw through the window a bit more then they once knew knowing they know not her name but would remember what they saw when they closed their eyes tonight sensualscribbles
5208.0,0,leftover wine dont pour it down the drain freeze it in a covered ice cube tray instead that way you can use it in soups or stews as needed do you have a favorite cooking hack share it below wine winecorks cooking cookingtip httpstcojbmumzwri
5240.0,0,southwest passenger assaults woman sitting behind him using his seatback httpstcogiddi southwestair attackonplane travel food wine mixology golf undercoverjetsetter johndaly susananzalone travellikealocal shotoniphone recipes offbeatenpath httpstcouvxbyxa
5249.0,0,why wine goes bad httpstcoofmpsisf aboutwine debunked
5254.0,0,we are committed firewinesocial wine winelover winetasting httpstcoczgzvmjnf
5262.0,0,todays wine is a pnt cab franc from touraine area in chinon aoc central france nice black cherry plum licorice on nose more with smooth balanced acidity sugars tannins on palate more on finish with mild dry tannins vin vins wine wines winetasting winetime httpstcorltcdpadz
5280.0,0,are you on antibiotics print httpstcowmixhhony irish ireland irishart irishartist irishinteriors irelandgram instaireland visitireland craic loveireland somecraic irelanddaily dublinireland irishpub irishpubs antibiotics wine water irishtwitter httpstcobzoghopib
5292.0,0,so its national syrahshiraz day and i dont have any so whatimdrinking wine pinotnoir coppolla sonoma wino httpstcoqxuuvrq
5293.0,0,newyorkminutes day lots of wine glasses were dropped at work today thank goodness no one was hurt glass broken shattered wine spill splash dropped drawing sketch illustration art artwork httpstcocuykzzvacv
5300.0,0,oliver winerys bestselling applepie wine returns this fall wineadvisor httpstcowzxehtsfgw httpstcotavhznr
5329.0,0,be sure to grab a wine slushy in the depot when you come to the pumpkin patch this week you wont regret it pumpkinpatch wineslushie wine slushie pumpkins farm kansascity httpstcockrklss
5332.0,0,hurricane party cuda ridge wines livermore valley cabernet franc california wine wineporn wineporn httpstcodznrmgm httpstcodkuzemjsht
5350.0,0,say goodbye to wine walk dates your last chance is this friday wine httpstconuwezi winewalks parkercolorado girlsnightout gno
5371.0,0,httpstcosmqrsaqiz final touch wireless wine thermometer preset win httpstcoehpaauxpk
5383.0,0,yep this weekend pumpkinzeppole fall fallfeast pasta glutenfree celiac italianfood gfitalian wine pannacotta httpstcowajimhf
5395.0,0,what did the grape say when it was crushed nothing it just let out a little wine wine winelover httpstcohvxokeaej
5453.0,0,a caribb watercraft vessel transportation vehicle boat bottle alcohol beverage drink plant tree wine water palmtree arecaceae summer mexico islamujeres cancun hotel restaurant vacations rivieramaya httpstcothqgpaoj
5464.0,0,nysdec hikechautauqua tonycolasurdo nygov the rolling hills of chautauqua county ny the lakeeriewines country looks and smalls amazing this time of year travel ny fall wine winetasting wny westfieldny tourchautauqua httpstcofqrmwun httpstcohqrvlcql
5481.0,0,dont know why winetasting is treading but we like it we do a lot of wine tasting at httpstcoecfkdxlmfr httpstcosvdwiehqr
5482.0,0,buchette del vino wine windows of florence these made a comeback recently during the lockdown allowing businesses to sell wine with minimal customer contact just like during the plague epidemic years ago florence traveldairies httpstcozzirgculbk
5491.0,0,father of microbiology french scientist louispasteur died from a stroke onthisday way back in science pasteur pasteurization wine milk trivia httpstconfrvmqpez
5549.0,0,more winereviews httpstcojaodmlax wine columns httpstcoujuvxzvr connect with us on facebook amp instagram httpstcomayqqprgv httpstcoghxvtbqpz httpstcodgwzfbgu
5565.0,0,more wine columns by robywine at httpstcoynxvkfnihh httpstconpcxpwwq
5568.0,0,rtmomentphotos sergiospototo wine is seriously a tough colour for me to exactly match in the bird images that i have tried to come up with some close matches hoping that it passes birdphotography birdtwitter httpstcogpxrrzweh
5576.0,0,the latest the melissa sperling daily httpstcosktxcbwmsx thanks to buzzfeed buzzfeednews migraine wine
5591.0,0,iran moralitypolice in america its the fashionpolice remember the miniskirt attorney jill winebanks wore during the watergate hearings she was disrespectfully referred to as the watergategirl men got an eye full no morality here
5602.0,0,a caribbean food tour by the bottle alcohol beverage drink plant tree wine water palmtree arecaceae summer boat transportation vehicle mexico islamujeres cancun hotel restaurant vacations rivieramaya httpstcofqptsuuwo
5612.0,0,tasting nv quinta da corte porto year old tawny wine httpstcoosocvd
5633.0,0,leftover wine dont pour it down the drain freeze it in a covered ice cube tray instead that way you can use it in soups or stews as needed do you have a favorite cooking hack share it below wine winecorks cooking cookingtip httpstcogrbmsoqd
5637.0,0,ennismore fund management limited short position in naked wines plc up to wine wine lse stockmarket stocks shares business markets trading news investing short httpstcovmldlkr
5645.0,0,fall offers the perfect window for shipping wine its not too hot and not yet too cold for a limited time enjoy flat rate ground shipping on your entire order with code fall mix amp match all winesno minimum and no maximum shop now httpstcoojyujsd fall napa httpstcothniocrll
5657.0,0,werkin last night at pattonssteakhouse and speakeasy inside the wine wall at savoirhouston with gregpetito of thehoustonjazzband savoir httpstcoqkvenipiz
